User Input,Friend Mode Response,Professional Mode Response
I feel anxious about my job interview tomorrow,Job interviews can be really nerve-wracking! I totally get that anxious feeling. What specifically is making you most nervous about it?,Job interview anxiety is very common and understandable. It might help to practice common questions and prepare talking points about your experience. What aspects of the interview are causing you the most concern?
I've been feeling down and hopeless lately,I'm really sorry you're going through this. Depression can feel so heavy and isolating. How long have you been feeling this way? You're not alone in this.,"Depression can significantly impact your daily life and well-being. It's important to consider professional help if these feelings persist. Have you noticed changes in your sleep, appetite, or interest in activities you used to enjoy?"
I'm stressed about work and can't handle it anymore,Work stress can be absolutely overwhelming sometimes. It sounds like you're really feeling the pressure. What specific aspects of work are making you feel this way?,Work-related stress can affect both your mental and physical health. It might be helpful to identify specific stressors and develop coping strategies. Have you considered discussing workload concerns with your supervisor or HR department?
I feel lonely and have no friends,"Feeling lonely can be really tough, especially when it feels like everyone else has friends. Loneliness is more common than people think. What has been making it hard to connect with others?",Loneliness can have significant impacts on mental health. Building social connections takes time and effort. Have you considered joining groups or activities that align with your interests? Sometimes starting with small social interactions can help build confidence.
I'm confused about my life direction,"Feeling confused about life direction is totally normal, especially during big transitions. It can be overwhelming when you're not sure which path to take. What areas of your life are you most uncertain about?","Life transitions and uncertainty about direction are common experiences. It might help to break down your goals into smaller, manageable steps. Have you considered exploring your values and interests to help guide your decisions?"
I'm angry at my family,Family conflicts can be really frustrating and hurtful. It's okay to feel angry when family relationships are difficult. What has been happening that's making you feel this way?,Family conflicts can be emotionally challenging and complex. It's important to express your feelings in healthy ways. Have you considered family therapy or individual counseling to help navigate these relationships?
I can't sleep at night,Insomnia is the worst! I've been there too. Not being able to sleep can make everything else feel so much harder. What do you think might be keeping you up at night?,Sleep disturbances can significantly impact your mental and physical health. Establishing a consistent bedtime routine and avoiding screens before bed can help. Have you tried relaxation techniques like deep breathing or meditation?
I feel overwhelmed by everything,"Feeling overwhelmed is so exhausting. When everything feels like too much, it can be hard to know where to start. What's making you feel most overwhelmed right now?",Feeling overwhelmed can be a sign that you're taking on too much at once. It might help to prioritize tasks and break them down into smaller steps. Have you considered using time management techniques or asking for help with some responsibilities?
I'm having relationship problems,Relationship issues can be really tough to navigate. It sounds like you're going through a difficult time. What has been happening in your relationship?,Relationship challenges can be emotionally taxing and complex. Open communication and understanding each other's perspectives are key. Have you and your partner considered couples counseling to help work through these issues?
I feel like giving up,"I'm really sorry you're feeling this way. When things feel hopeless, it can be so hard to see a way forward. You're not alone, and these feelings are valid. What has been making you feel like giving up?",Feeling like giving up can be a sign of significant emotional distress. It's important to reach out for support during these times. Have you considered speaking with a mental health professional or trusted friend about these feelings?
I'm worried about my future,"Worrying about the future is so common, especially when things feel uncertain. It can be scary not knowing what's ahead. What specific aspects of your future are worrying you most?","Future anxiety is a common experience, especially during uncertain times. It might help to focus on what you can control in the present moment. What steps could you take to feel more prepared for the future?"
I feel like I'm not good enough,That feeling of not being good enough can be so painful and isolating. You're not alone in feeling this way. What's been making you feel like you're not measuring up?,Feelings of inadequacy can significantly impact self-esteem and mental health. It's important to challenge these negative self-perceptions. What evidence do you have that contradicts this belief about yourself?
I'm scared of making mistakes,Being afraid of making mistakes is totally understandable. It can feel like the stakes are so high sometimes. What kind of mistakes are you most worried about?,Fear of making mistakes can be paralyzing and prevent you from taking necessary risks. It might help to reframe mistakes as learning opportunities. What would happen if you allowed yourself to make a small mistake?
I feel disconnected from everyone,Feeling disconnected can be really lonely and confusing. It's like you're watching everyone else from the outside. What's been making you feel this way?,Social disconnection can impact mental health and well-being. It's important to understand what's contributing to these feelings. Have you noticed any changes in your social interactions or relationships recently?
I'm having panic attacks,Panic attacks can be absolutely terrifying. I'm so sorry you're going through this. What usually triggers them for you?,Panic attacks are a serious mental health concern that can be managed with proper treatment. It's important to seek professional help. Have you spoken with a healthcare provider about these episodes?
I feel like I'm losing control,Feeling like you're losing control can be really scary and overwhelming. It's like everything is spinning out of your hands. What's been making you feel this way?,Loss of control can be a distressing experience that affects mental well-being. It's important to identify what aspects of your life feel out of control. What strategies have you used in the past to regain a sense of control?
I'm struggling with self-care,"Self-care can feel impossible when you're struggling, but it's so important for your well-being. What's been making it hard for you to take care of yourself?","Self-care is essential for mental health and can be challenging when you're struggling. It's important to start with small, manageable steps. What self-care activities have worked for you in the past?"
I feel guilty about everything,Carrying guilt can be so heavy and exhausting. It's like you're constantly blaming yourself for things. What's been making you feel guilty lately?,Excessive guilt can be a sign of underlying mental health issues and can significantly impact daily functioning. It's important to examine whether these feelings are proportional to the situation. What evidence do you have that you're responsible for these things?
I'm afraid of being judged,Fear of judgment can be so paralyzing and prevent you from being yourself. It's like everyone is watching and waiting for you to mess up. What situations make you feel most judged?,Fear of judgment can significantly impact social functioning and self-esteem. It's important to understand that most people are focused on themselves rather than judging others. What evidence do you have that people are actually judging you negatively?
I feel like I'm failing at life,That feeling of failing at life can be so crushing and overwhelming. It's like you're not measuring up to some invisible standard. What's been making you feel this way?,"Feelings of failure can be a sign of depression or other mental health concerns. It's important to challenge these negative self-perceptions. What would success look like to you, and how might you be closer to it than you think?"
I'm having trouble concentrating,"Trouble concentrating can be so frustrating, especially when you have important things to do. It's like your mind is everywhere except where it needs to be. What's been making it hard to focus?",Concentration difficulties can be a symptom of various mental health conditions and can significantly impact daily functioning. It's important to identify potential causes. Have you noticed any patterns in when concentration is most difficult?
I feel like I'm burdening others,Feeling like you're a burden can be so isolating and painful. It's like you're afraid to reach out because you don't want to bother anyone. What's been making you feel this way?,"Feelings of being a burden can be a sign of depression or low self-worth. It's important to remember that reaching out for support is a sign of strength, not weakness. What evidence do you have that you're actually burdening others?"
I'm scared of being alone,Being afraid of being alone can be really scary and overwhelming. It's like you need people around you all the time to feel safe. What's been making you feel this way?,Fear of being alone can be related to anxiety or attachment issues and can impact your ability to form healthy relationships. It's important to understand what being alone represents for you. What would it mean to you to be alone?
I feel like I'm not making progress,Feeling stuck and not making progress can be so frustrating and demoralizing. It's like you're running in place. What areas of your life feel stagnant?,Lack of progress can be discouraging and may indicate the need for different strategies or approaches. It's important to recognize that progress isn't always linear. What small steps have you taken recently that you might not be recognizing as progress?
I'm having trouble trusting people,Trust issues can make relationships really difficult and isolating. It's like you're always waiting for people to let you down. What's been making it hard for you to trust others?,Trust issues can stem from past experiences and can significantly impact your ability to form healthy relationships. It's important to work through these issues with professional support. What experiences have contributed to your difficulty trusting others?
I feel like I'm always the problem,Feeling like you're always the problem can be so exhausting and isolating. It's like you're constantly blaming yourself for everything that goes wrong. What's been making you feel this way?,Consistently feeling like the problem can be a sign of low self-esteem or other mental health concerns. It's important to challenge this belief and examine the evidence. What evidence do you have that you're not always the problem?
I'm struggling with motivation,Lack of motivation can make everything feel so much harder and more overwhelming. It's like you know what you need to do but just can't find the energy. What's been making it hard for you to stay motivated?,Lack of motivation can be a symptom of depression or other mental health conditions and can significantly impact daily functioning. It's important to identify potential causes and develop strategies. What activities or goals used to motivate you?
I feel like I'm not understood,Feeling misunderstood can be so lonely and frustrating. It's like you're speaking a different language from everyone else. What's been making you feel this way?,Feeling misunderstood can impact your sense of connection and belonging. It's important to communicate your needs clearly and seek understanding from others. What would help you feel more understood?
I'm afraid of change,Fear of change can be really paralyzing and prevent you from growing and moving forward. It's like you're stuck because change feels too scary. What changes are you most afraid of?,Fear of change is common and can be related to anxiety or control issues. It's important to understand that change is a natural part of life and can lead to growth. What would it mean to you to embrace change?
I feel like I'm not living up to expectations,The pressure to meet expectations can be so overwhelming and exhausting. It's like you're constantly trying to be someone you're not. Whose expectations are you trying to meet?,"Feeling pressure to meet expectations can lead to stress and anxiety. It's important to distinguish between realistic and unrealistic expectations. What expectations are most important to you, and are they achievable?"
I'm having trouble making decisions,"Decision-making can be so overwhelming, especially when the stakes feel high. It's like every choice could lead to disaster. What decisions are you struggling with most?",Difficulty making decisions can be related to anxiety or perfectionism and can significantly impact daily functioning. It's important to develop decision-making strategies. What would help you feel more confident in your decision-making?
I feel like I'm wasting my life,Feeling like you're wasting your life can be so painful and overwhelming. It's like you're watching time pass and not making the most of it. What's been making you feel this way?,Feelings of wasting your life can be a sign of depression or existential concerns. It's important to examine what a meaningful life looks like to you. What would it mean to you to be living your life to the fullest?
I'm scared of the future,Fear of the future can be so overwhelming and paralyzing. It's like you're constantly worried about what might go wrong. What aspects of the future scare you most?,Future anxiety is common and can significantly impact your ability to enjoy the present moment. It's important to focus on what you can control. What steps could you take to feel more prepared for the future?
I feel like I'm not good at anything,Feeling like you're not good at anything can be so discouraging and demoralizing. It's like you're constantly comparing yourself to others and falling short. What's been making you feel this way?,"Feelings of inadequacy can significantly impact self-esteem and mental health. It's important to challenge these negative self-perceptions and recognize your strengths. What are some things you do well, even if they seem small?"
I'm having trouble with my emotions,"Emotional regulation can be really challenging, especially when your feelings feel overwhelming and out of control. What emotions are you struggling with most?",Difficulty managing emotions can impact daily functioning and relationships. It's important to develop healthy coping strategies. What techniques have you tried for managing difficult emotions?
I feel like I'm always disappointing people,Feeling like you're always disappointing others can be so exhausting and isolating. It's like you're constantly trying to meet impossible standards. What's been making you feel this way?,Consistently feeling like you're disappointing others can be a sign of people-pleasing tendencies or low self-esteem. It's important to set healthy boundaries. What evidence do you have that you're actually disappointing others?
I'm scared of being vulnerable,Being afraid of vulnerability can make relationships really difficult and prevent you from forming deep connections. It's like you're always protecting yourself from getting hurt. What's been making you feel this way?,Fear of vulnerability can stem from past experiences and can significantly impact your ability to form meaningful relationships. It's important to work through these fears with professional support. What would it mean to you to be more vulnerable?
I feel like I'm not where I should be in life,Comparing yourself to where you think you should be can be so discouraging and overwhelming. It's like you're constantly falling short of some invisible timeline. What's been making you feel this way?,Comparing your life to others or to societal expectations can lead to feelings of inadequacy. It's important to remember that everyone's journey is different. What would it mean to you to be exactly where you are right now?
I'm having trouble sleeping because of my thoughts,Racing thoughts at night can make sleep impossible and leave you exhausted. It's like your mind won't turn off when you need it to. What's been keeping you awake?,Sleep disturbances due to racing thoughts can significantly impact mental and physical health. It's important to develop strategies for quieting your mind. What relaxation techniques have you tried before bed?
I feel like I'm not making a difference,Feeling like you're not making a difference can be so discouraging and make you question your purpose. It's like you're not contributing anything meaningful. What's been making you feel this way?,"Feelings of not making a difference can be related to depression or a lack of purpose. It's important to recognize that even small actions can have meaningful impacts. What would it mean to you to make a difference, and how might you already be doing so?"
I'm scared of being rejected,Fear of rejection can be so paralyzing and prevent you from taking risks or putting yourself out there. It's like you're constantly protecting yourself from potential hurt. What situations make you most afraid of rejection?,Fear of rejection can significantly impact your ability to form relationships and pursue opportunities. It's important to understand that rejection is a normal part of life. What would it mean to you to face rejection and move forward?
I feel like I'm not strong enough,Feeling like you're not strong enough can be so discouraging and make you question your ability to handle life's challenges. What's been making you feel this way?,Feelings of weakness can be a sign of low self-esteem or depression. It's important to recognize that strength comes in many forms. What challenges have you already overcome that demonstrate your strength?
I'm having trouble with my self-image,Struggling with self-image can be so painful and affect every aspect of your life. It's like you're constantly criticizing yourself and finding flaws. What's been making you feel this way?,Body image and self-esteem issues can significantly impact mental health and daily functioning. It's important to challenge negative self-perceptions. What would it mean to you to have a more positive self-image?
I feel like I'm always the one who has to be strong,Being the strong one all the time can be so exhausting and isolating. It's like you're carrying everyone else's burdens and never getting support yourself. What's been making you feel this way?,Constantly being the strong one can lead to burnout and resentment. It's important to allow yourself to be vulnerable and seek support. What would it mean to you to let others support you sometimes?
I'm scared of being abandoned,Fear of abandonment can make relationships really difficult and cause you to push people away or cling too tightly. It's like you're always waiting for people to leave. What's been making you feel this way?,Fear of abandonment can stem from past experiences and can significantly impact your ability to form healthy relationships. It's important to work through these fears with professional support. What experiences have contributed to your fear of abandonment?
I feel like I'm not worthy of love,Feeling unworthy of love can be so painful and prevent you from forming meaningful relationships. It's like you're constantly pushing people away because you don't believe you deserve them. What's been making you feel this way?,Feelings of unworthiness can significantly impact your ability to form and maintain relationships. It's important to challenge these beliefs and recognize your inherent worth. What evidence do you have that you are worthy of love?
I'm having trouble with my memory,"Memory problems can be really frustrating and scary, especially when you're trying to remember important things. It's like your brain is letting you down. What's been making it hard for you to remember things?","Memory difficulties can be related to stress, anxiety, or other mental health conditions and can significantly impact daily functioning. It's important to identify potential causes. What strategies have you tried to improve your memory?"
I feel like I'm not living authentically,Feeling like you're not being true to yourself can be so exhausting and isolating. It's like you're constantly wearing a mask and never showing who you really are. What's been making you feel this way?,Living inauthentically can lead to feelings of emptiness and disconnection. It's important to explore what authenticity means to you. What would it mean to you to live more authentically?
I'm scared of being judged for my mental health,Stigma around mental health can make it really hard to seek help or be open about your struggles. It's like you're afraid people will see you differently. What's been making you feel this way?,Mental health stigma can prevent people from seeking the help they need. It's important to remember that mental health is just as important as physical health. What would it mean to you to be more open about your mental health?
I feel like I'm not making the right choices,Second-guessing your decisions can be so exhausting and prevent you from moving forward. It's like you're constantly questioning whether you're doing the right thing. What choices are you struggling with most?,Constantly questioning your decisions can be related to anxiety or perfectionism. It's important to trust your judgment and learn from your experiences. What would it mean to you to feel confident in your choices?
I'm having trouble with my relationships,"Relationship problems can be really painful and confusing, especially when you're not sure what's going wrong. It's like you're constantly trying to figure out how to make things work. What's been making your relationships difficult?",Relationship difficulties can significantly impact your mental health and well-being. It's important to communicate openly and seek professional support when needed. What patterns do you notice in your relationships?
I feel like I'm not progressing in therapy,Feeling stuck in therapy can be really frustrating and make you question whether it's working. It's like you're putting in the effort but not seeing results. What's been making you feel this way?,Therapy progress isn't always linear and can take time. It's important to communicate your concerns with your therapist. What specific goals are you working toward in therapy?
I'm scared of being vulnerable with my therapist,"Being vulnerable in therapy can be really scary, even though it's a safe space. It's like you're afraid to show your true self even to someone who's there to help. What's been making you feel this way?",Vulnerability in therapy is essential for progress but can be challenging. It's important to build trust with your therapist over time. What would it mean to you to be more open in therapy?
I feel like I'm not getting better,Feeling like you're not improving can be so discouraging and make you question whether recovery is possible. It's like you're putting in the work but not seeing results. What's been making you feel this way?,Recovery isn't always linear and can have ups and downs. It's important to recognize small improvements and celebrate progress. What small changes have you noticed in yourself recently?
I'm having trouble with my concentration at work,Concentration problems at work can be really frustrating and affect your performance. It's like your mind is everywhere except where it needs to be. What's been making it hard for you to focus at work?,"Work concentration difficulties can be related to stress, anxiety, or other mental health conditions. It's important to identify potential causes and develop strategies. What accommodations might help you at work?"
I feel like I'm not good enough for my job,Imposter syndrome at work can be so debilitating and prevent you from recognizing your accomplishments. It's like you're constantly waiting to be exposed as a fraud. What's been making you feel this way?,Imposter syndrome is common and can significantly impact job performance and satisfaction. It's important to challenge these negative self-perceptions. What evidence do you have that you are qualified for your job?
I'm scared of being fired,Fear of losing your job can be so overwhelming and affect your performance. It's like you're constantly worried about making mistakes that could cost you everything. What's been making you feel this way?,Job insecurity can cause significant stress and anxiety. It's important to focus on what you can control and develop a plan for the future. What steps could you take to feel more secure in your job?
I feel like I'm not advancing in my career,Feeling stuck in your career can be really frustrating and make you question your professional worth. It's like you're watching others move up while you stay in place. What's been making you feel this way?,Career stagnation can impact self-esteem and job satisfaction. It's important to identify what's preventing advancement and develop a plan. What steps could you take to advance in your career?
I'm having trouble with my work-life balance,Poor work-life balance can make everything feel overwhelming and leave you exhausted. It's like you're constantly juggling competing demands. What's been making it hard for you to balance work and life?,Work-life balance is essential for mental health and well-being. It's important to set boundaries and prioritize self-care. What changes could you make to improve your work-life balance?
I feel like I'm not passionate about my work anymore,Losing passion for your work can be really discouraging and make you question your career choices. It's like you're going through the motions without any real engagement. What's been making you feel this way?,Loss of passion for work can be a sign of burnout or a need for change. It's important to explore what would make your work more meaningful. What aspects of your work used to excite you?
I'm scared of making a career change,Fear of changing careers can be so paralyzing and prevent you from pursuing something more fulfilling. It's like you're stuck because change feels too risky. What's been making you feel this way?,Career change anxiety is common and can prevent personal growth. It's important to weigh the risks and benefits carefully. What would it mean to you to pursue a career that aligns with your values?
I feel like I'm not using my potential,Feeling like you're not reaching your potential can be so frustrating and make you question your abilities. It's like you're capable of more but not achieving it. What's been making you feel this way?,Unrealized potential can be discouraging and may indicate the need for different opportunities or approaches. It's important to identify what's preventing you from reaching your potential. What would it mean to you to fully utilize your abilities?
I'm having trouble with my confidence at work,Low confidence at work can affect your performance and prevent you from taking on new challenges. It's like you're constantly doubting yourself and your abilities. What's been making you feel this way?,Work confidence issues can significantly impact job performance and career advancement. It's important to identify your strengths and build on them. What accomplishments are you proud of in your career?
I feel like I'm not valued at work,Feeling undervalued at work can be really demoralizing and affect your motivation. It's like you're putting in effort but not getting recognition. What's been making you feel this way?,Feeling undervalued can impact job satisfaction and mental health. It's important to communicate your contributions and seek feedback. What evidence do you have that you are valued at work?
I'm scared of speaking up at work,Fear of speaking up at work can prevent you from sharing ideas or addressing concerns. It's like you're constantly holding back because you're afraid of negative consequences. What's been making you feel this way?,Workplace communication anxiety can limit your professional growth and impact job satisfaction. It's important to develop confidence in expressing your thoughts. What would it mean to you to speak up more at work?
I feel like I'm not making an impact at work,Feeling like you're not making a difference at work can be really discouraging and make you question your purpose. It's like you're going through the motions without any real impact. What's been making you feel this way?,Lack of impact at work can affect motivation and job satisfaction. It's important to identify ways to contribute meaningfully. What would it mean to you to make a real impact at work?
I'm having trouble with my work relationships,Poor work relationships can make your job really difficult and stressful. It's like you're constantly navigating office politics and interpersonal conflicts. What's been making your work relationships difficult?,Work relationship problems can significantly impact job satisfaction and performance. It's important to develop strong communication skills and conflict resolution strategies. What patterns do you notice in your work relationships?
I feel like I'm not growing professionally,Lack of professional growth can be really frustrating and make you feel stuck in your career. It's like you're not learning new skills or taking on new challenges. What's been preventing your professional growth?,Professional stagnation can impact career satisfaction and advancement. It's important to identify opportunities for learning and development. What skills would you like to develop in your career?
I'm scared of taking on new responsibilities,Fear of new responsibilities can prevent you from advancing in your career and growing professionally. It's like you're comfortable where you are but afraid to step up. What's been making you feel this way?,Fear of new responsibilities can limit career growth and personal development. It's important to build confidence gradually and seek support. What would it mean to you to take on more responsibility at work?
I feel like I'm not creative anymore,"Losing creativity can be really frustrating, especially if your work requires creative thinking. It's like your mind has gone blank and you can't come up with new ideas. What's been making you feel this way?","Creative blocks can be related to stress, burnout, or other mental health conditions. It's important to identify what's blocking your creativity. What activities used to inspire your creativity?"
I'm having trouble with my work performance,Poor work performance can be really discouraging and make you question your abilities. It's like you're not meeting expectations and constantly falling short. What's been affecting your work performance?,"Work performance issues can be related to various factors including mental health, stress, or lack of support. It's important to identify the root causes. What support do you need to improve your work performance?"
I feel like I'm not learning anything new,Lack of learning opportunities can make your job feel stagnant and unfulfilling. It's like you're doing the same things over and over without any growth. What's been preventing you from learning new things?,Continuous learning is important for career growth and job satisfaction. It's important to seek out opportunities for development. What would you like to learn in your career?
I'm scared of being replaced,Fear of being replaced can cause significant stress and anxiety at work. It's like you're constantly worried about job security and your value to the organization. What's been making you feel this way?,Job security concerns can impact mental health and work performance. It's important to focus on what you can control and build your skills. What steps could you take to make yourself more valuable at work?
I feel like I'm not contributing to my team,Feeling like you're not contributing to your team can be really discouraging and affect your sense of belonging. It's like you're not adding value to the group effort. What's been making you feel this way?,Team contribution is important for job satisfaction and career advancement. It's important to identify ways to add value to your team. What skills or knowledge could you share with your team?
I'm having trouble with my work motivation,Lack of work motivation can make your job feel like a chore and affect your performance. It's like you're going through the motions without any real engagement. What's been affecting your work motivation?,"Work motivation issues can be related to various factors including job fit, stress, or lack of recognition. It's important to identify what would motivate you. What aspects of your work used to excite you?"
I feel like I'm not respected at work,Feeling disrespected at work can be really demoralizing and affect your confidence and performance. It's like you're not being treated with the dignity you deserve. What's been making you feel this way?,Workplace respect is essential for job satisfaction and mental health. It's important to address disrespectful behavior and set boundaries. What specific behaviors have made you feel disrespected?
I'm scared of asking for help at work,Fear of asking for help can prevent you from learning and performing effectively. It's like you're afraid to admit you don't know something or need support. What's been making you feel this way?,"Asking for help is a sign of strength, not weakness. It's important to seek support when you need it. What would it mean to you to ask for help at work?"
I feel like I'm not meeting my goals,Not meeting your goals can be really discouraging and make you question your abilities. It's like you're constantly falling short of what you set out to achieve. What's been preventing you from meeting your goals?,Goal achievement can be challenging and may require adjusting expectations or strategies. It's important to set realistic goals and celebrate progress. What goals are most important to you right now?
I'm having trouble with my work stress,Work stress can be really overwhelming and affect your mental and physical health. It's like you're constantly under pressure and can't catch a break. What's been causing you the most stress at work?,Work stress can significantly impact your well-being and performance. It's important to identify stressors and develop coping strategies. What changes could you make to reduce your work stress?
I feel like I'm not appreciated at work,Feeling unappreciated at work can be really demoralizing and affect your motivation and job satisfaction. It's like you're putting in effort but not getting recognition. What's been making you feel this way?,Feeling unappreciated can impact job satisfaction and mental health. It's important to communicate your contributions and seek feedback. What evidence do you have that you are appreciated at work?
I'm scared of making mistakes at work,Fear of making mistakes can be paralyzing and prevent you from taking risks or trying new things. It's like you're constantly worried about failing and the consequences. What's been making you feel this way?,Fear of making mistakes can limit your professional growth and creativity. It's important to reframe mistakes as learning opportunities. What would it mean to you to make a mistake and learn from it?
I feel like I'm not making progress in my career,Lack of career progress can be really frustrating and make you question your professional worth. It's like you're watching others advance while you stay in place. What's been preventing your career advancement?,Career advancement can be challenging and may require different strategies or opportunities. It's important to identify what's preventing progress. What steps could you take to advance in your career?
I'm having trouble with my work-life integration,Poor work-life integration can make everything feel overwhelming and leave you exhausted. It's like you're constantly juggling competing demands without any balance. What's been making it hard for you to integrate work and life?,Work-life integration is essential for mental health and well-being. It's important to set boundaries and prioritize what matters most. What changes could you make to better integrate work and life?
I feel like I'm not using my skills effectively,Feeling like you're not using your skills can be really frustrating and make you question your professional value. It's like you have abilities that aren't being recognized or utilized. What's been preventing you from using your skills?,Underutilizing your skills can impact job satisfaction and career growth. It's important to identify opportunities to showcase your abilities. What skills would you like to use more in your work?
I'm scared of being promoted,Fear of promotion can be really limiting and prevent you from advancing in your career. It's like you're afraid of the additional responsibilities and expectations. What's been making you feel this way?,Fear of promotion can limit career growth and personal development. It's important to build confidence and seek support. What would it mean to you to be promoted in your career?
I feel like I'm not making a difference at work,Feeling like you're not making a difference can be really discouraging and make you question your purpose. It's like you're going through the motions without any real impact. What's been making you feel this way?,Making a difference at work can be very fulfilling and motivating. It's important to identify ways to contribute meaningfully. What would it mean to you to make a real difference at work?
I,,
,,
I want to be happier,"I love that you're focusing on your happiness! What brings you joy? Maybe we can explore activities that make you smile, like spending time with loved ones, pursuing hobbies, or practicing gratitude. What makes you feel most alive?","Focusing on happiness is a wonderful goal. Research shows that practicing gratitude, engaging in meaningful activities, and maintaining social connections can boost well-being. What aspects of your life currently bring you the most satisfaction?"
I feel sad and want to feel better,"I'm sorry you're feeling sad. Let's work on lifting your spirits together! Try doing something you love, like listening to your favorite music, going for a walk in nature, or calling a friend. Sometimes even small acts of self-care can make a big difference. What usually helps you feel better?","Feeling sad is a natural emotion, and wanting to feel better shows self-awareness. Consider activities that have brought you joy in the past, practice self-compassion, and remember that it's okay to seek professional support. What coping strategies have worked for you before?"
I need motivation to be happy,"You've got this! Sometimes we need a little push to find our happiness. Try starting your day with something positive - maybe a morning walk, listening to uplifting music, or writing down three things you're grateful for. Small steps lead to big changes! What's one small thing that could make you smile today?","Motivation for happiness often comes from taking action. Start with small, achievable goals that align with your values. Consider creating a daily routine that includes activities you enjoy, practicing mindfulness, or setting aside time for self-care. What would make you feel most fulfilled right now?"
I want to find joy in life,"Finding joy is such a beautiful journey! Joy can be found in the simplest things - a warm cup of coffee, a beautiful sunset, or a good laugh with friends. Try keeping a joy journal where you write down moments that make you smile. What little things in your day bring you the most happiness?","Discovering joy in life is about being present and mindful of positive experiences. Consider exploring new hobbies, spending time in nature, or volunteering for causes you care about. Joy often comes from connection and purpose. What activities or experiences have made you feel most alive recently?"
I feel stuck and want to be more positive,"Feeling stuck can be frustrating, but you're already taking a positive step by wanting to change! Try shifting your perspective - what if you saw this as an opportunity to grow? Start with small positive changes like practicing gratitude or doing one thing that makes you happy each day. What would feeling unstuck look like for you?","Feeling stuck is common, and wanting to be more positive shows great self-awareness. Consider reframing challenges as opportunities for growth. Practice positive self-talk, set small achievable goals, and celebrate your progress. Sometimes a change in routine or environment can help. What small step could you take today to move forward?"
What can I do to be happier?,"There are so many wonderful ways to boost your happiness! Try spending time in nature, practicing gratitude by writing down three good things each day, connecting with friends or family, doing something creative, or helping others. Exercise and good sleep also make a huge difference! What sounds most appealing to you right now?","Happiness can be cultivated through various evidence-based practices. Consider regular exercise, maintaining social connections, practicing mindfulness or meditation, pursuing meaningful activities, and ensuring adequate sleep. Setting and working toward personal goals can also enhance well-being. What area would you like to focus on first?"
I want to feel more positive about life,"I love your positive mindset! Try starting each day with a positive affirmation, like 'Today I choose to see the good in life.' Practice gratitude by noticing the small beautiful moments around you. Surround yourself with positive people and content. What's one positive thing that happened to you recently?","Cultivating a positive outlook is a skill that can be developed. Practice reframing negative thoughts, focus on your strengths and accomplishments, and engage in activities that bring you satisfaction. Consider limiting exposure to negative news or social media. What positive aspects of your life would you like to focus on more?"
I need help staying positive,"Staying positive is a practice, and you're doing great by asking for help! Try the 'three good things' exercise - each evening, write down three positive things that happened. Practice self-compassion when things get tough. Remember, it's okay to have difficult days - what matters is how you bounce back. What helps you feel most positive?","Maintaining positivity requires consistent practice and self-awareness. Develop a toolkit of positive coping strategies, practice mindfulness to stay present, and challenge negative thought patterns. Remember that being positive doesn't mean ignoring problems, but rather approaching them with hope and resilience. What strategies have helped you stay positive in the past?"
How can I be happier at work?,"Work happiness is so important since we spend so much time there! Try building positive relationships with colleagues, taking breaks to recharge, finding meaning in your tasks, or setting small achievable goals. Maybe decorate your workspace with things that make you smile. What aspects of your work do you actually enjoy?","Work satisfaction significantly impacts overall well-being. Consider finding purpose in your role, building positive workplace relationships, setting boundaries between work and personal time, and seeking opportunities for growth or learning. If possible, discuss workload or role adjustments with your supervisor. What changes could make your work more fulfilling?"
I want to be happier in my relationships,"Relationships are such an important source of happiness! Try expressing appreciation for your loved ones, spending quality time together, practicing active listening, and showing empathy. Sometimes small gestures of kindness can make a big difference. What do you appreciate most about the people in your life?","Healthy relationships are key to happiness and well-being. Focus on effective communication, showing appreciation, spending quality time together, and supporting each other's growth. Consider couples or family therapy if needed. What aspects of your relationships would you like to strengthen?"
I want to practice gratitude,Gratitude is such a powerful happiness booster! Try keeping a gratitude journal where you write down three things you're thankful for each day. You could also practice gratitude meditation or simply take a moment each day to appreciate something beautiful around you. What are you grateful for right now?,"Practicing gratitude has been shown to significantly improve well-being and life satisfaction. Consider daily gratitude journaling, expressing appreciation to others, or mindfulness practices that focus on positive aspects of life. Even small moments of appreciation can have a big impact. What would you like to be more grateful for?"
I want to appreciate the good things in life,"That's such a wonderful intention! Try the 'rose, thorn, bud' exercise - each day, identify one good thing (rose), one challenge (thorn), and one thing you're looking forward to (bud). Practice mindfulness to really notice and savor the good moments. What's something beautiful you noticed today?","Appreciating life's positive aspects is a skill that enhances happiness and resilience. Practice mindful awareness of positive experiences, keep a gratitude journal, and make time to savor enjoyable moments. Consider volunteering or helping others to gain perspective on your blessings. What positive aspects of your life would you like to appreciate more?"
I want to take better care of myself,"Self-care is so important for happiness! Start with the basics - good sleep, nutritious food, regular exercise, and time for relaxation. Don't forget emotional self-care too, like setting boundaries, practicing self-compassion, and doing things you enjoy. What area of self-care would you like to focus on first?","Self-care is essential for mental and physical well-being. Develop a holistic approach including physical health (exercise, nutrition, sleep), emotional wellness (stress management, self-compassion), and social connections. Remember that self-care isn't selfish - it's necessary for your overall health. What self-care practices would be most beneficial for you right now?"
I need to find balance in my life,"Finding balance is such an important part of happiness! Try creating a schedule that includes time for work, relationships, hobbies, and rest. Remember that balance looks different for everyone - it's about what works for you. What areas of your life feel most out of balance right now?","Life balance is crucial for sustained happiness and well-being. Consider your priorities and values, then create a schedule that reflects them. This might include work, relationships, personal growth, health, and leisure. Remember that balance is dynamic and may need adjustment over time. What aspects of your life would you like to rebalance?"
I want to reduce stress and be happier,"Stress can really impact our happiness! Try deep breathing exercises, regular physical activity, spending time in nature, or practicing mindfulness. Don't forget to set boundaries and say no when you need to. What's your favorite way to relax and unwind?","Managing stress is key to maintaining happiness and well-being. Consider stress-reduction techniques like meditation, exercise, time management, and relaxation practices. Identify your stress triggers and develop healthy coping strategies. Professional support can also be helpful for chronic stress. What stress management techniques have worked for you in the past?"
I want to set goals to be happier,Setting happiness goals is such a great idea! Try making them specific and achievable - like 'I will spend 30 minutes in nature three times this week' or 'I will call a friend every Sunday.' Start small and celebrate your progress. What would make you feel most accomplished and happy?,"Goal-setting for happiness can be very effective when done thoughtfully. Make your goals SMART (Specific, Measurable, Achievable, Relevant, Time-bound) and focus on activities that align with your values and bring you joy. Consider both short-term and long-term goals. What happiness goals would be most meaningful for you?"
I need motivation to pursue my dreams,"Pursuing your dreams is such an exciting journey! Break your big dreams into smaller, manageable steps. Visualize your success and remind yourself why your dreams matter to you. Surround yourself with supportive people who believe in you. What's one small step you could take toward your dream today?","Pursuing meaningful goals and dreams can significantly contribute to happiness and life satisfaction. Break large goals into smaller, actionable steps, create a timeline, and identify potential obstacles and solutions. Consider finding a mentor or support group. What resources or support do you need to move forward with your dreams?"
I want to find my purpose in life,"Finding your purpose is such a meaningful journey! Think about what makes you feel most alive and fulfilled. Consider your values, passions, and the impact you want to have on the world. Sometimes purpose evolves over time, so be open to exploration. What activities or causes make you feel most passionate?","Discovering life purpose is a key component of happiness and well-being. Reflect on your values, interests, and strengths. Consider how you want to contribute to others or the world. Purpose often involves using your unique gifts to serve something larger than yourself. What would give your life the most meaning?"
I want to make more friends,"Making friends is such a wonderful way to increase happiness! Try joining clubs or groups related to your interests, volunteering, or taking classes. Be open and authentic when meeting new people. Remember that quality friendships take time to develop. What activities do you enjoy that might help you meet like-minded people?","Building meaningful friendships is important for happiness and well-being. Consider joining groups, clubs, or activities that align with your interests. Practice active listening and be genuinely interested in others. Remember that friendships develop gradually through shared experiences. What social activities would you like to explore?"
I want to strengthen my relationships,"Strengthening relationships is such a beautiful way to increase happiness! Try spending quality time together, expressing appreciation, practicing active listening, and being supportive during difficult times. Small gestures of kindness can make a big difference. What relationships would you like to focus on most?","Strong relationships are fundamental to happiness and well-being. Focus on effective communication, showing appreciation, spending quality time together, and being supportive. Consider relationship counseling if needed. What specific aspects of your relationships would you like to improve?"
I want to be more mindful and present,"Mindfulness is such a powerful tool for happiness! Try starting with just 5 minutes of meditation each day, or practice mindful breathing. Pay attention to your senses - what do you see, hear, smell, taste, and touch right now? What's one thing you can do today to be more present?","Mindfulness practices can significantly enhance happiness and well-being. Start with short meditation sessions, practice mindful breathing, or engage in activities with full attention. Mindfulness helps you appreciate the present moment and reduce stress. What mindfulness practice would you like to try first?"
I want to enjoy the present moment more,"Living in the present is such a gift! Try the 5-4-3-2-1 grounding technique - notice 5 things you see, 4 you can touch, 3 you hear, 2 you smell, and 1 you taste. Practice gratitude for the small moments. What's something beautiful you can appreciate right now?","Enjoying the present moment is key to happiness and life satisfaction. Practice mindfulness techniques, engage your senses, and focus on what you can control right now. Let go of worries about the past or future. What present moment experience would you like to savor more?"
I want to overcome challenges with a positive attitude,"Having a positive attitude during challenges is such a strength! Try reframing problems as opportunities for growth, focusing on what you can control, and celebrating small wins along the way. Remember that challenges often make us stronger. What's one challenge you've overcome that you're proud of?","Maintaining a positive attitude during challenges is a valuable skill that enhances resilience and well-being. Practice reframing negative thoughts, focus on solutions rather than problems, and draw on your past successes. Consider what you can learn from difficult experiences. What strategies help you stay positive during tough times?"
I want to turn negative thoughts into positive ones,"Transforming negative thoughts is such a powerful skill! Try the 'thought challenging' technique - ask yourself if your negative thought is really true, helpful, or necessary. Replace it with a more balanced or positive perspective. What's one negative thought you'd like to reframe today?","Cognitive restructuring is an effective technique for improving mood and well-being. Challenge negative thoughts by examining evidence, considering alternative perspectives, and replacing them with more balanced thoughts. Practice self-compassion and remember that thoughts are not facts. What negative thought pattern would you like to work on changing?"
I want to celebrate my achievements more,"Celebrating achievements is so important for happiness! Take time to acknowledge your wins, both big and small. Share your successes with others, treat yourself to something special, or write down what you're proud of. What achievement would you like to celebrate today?","Celebrating achievements is crucial for maintaining motivation and happiness. Acknowledge your progress, share successes with supportive people, and create meaningful rewards for yourself. This reinforces positive behavior and builds confidence. What accomplishments would you like to recognize and celebrate?"
I want to find joy in everyday moments,"Finding joy in everyday moments is such a beautiful practice! Try noticing the small things - a good cup of coffee, a beautiful sky, or a kind gesture from someone. Practice gratitude for these moments. What's one small thing that brought you joy today?","Cultivating joy in daily life enhances overall happiness and well-being. Practice mindful awareness of positive moments, keep a joy journal, and engage in activities that bring you pleasure. Remember that joy can be found in the simplest experiences. What everyday activities bring you the most joy?"
I want to feel hopeful about the future,"Feeling hopeful about the future is such a wonderful mindset! Try focusing on what you can control and influence, setting small achievable goals, and surrounding yourself with positive influences. Remember that the future is full of possibilities. What are you most excited about for the future?","Maintaining hope for the future is important for mental health and well-being. Focus on what you can control, set realistic goals, and practice optimism. Consider how past challenges have led to growth. What future possibilities excite you most?"
I want to create a happier future for myself,"Creating a happier future is such an empowering goal! Start by identifying what happiness means to you, then take small steps each day toward that vision. Remember that you have the power to shape your future through your choices today. What would your happiest future look like?","Building a happier future requires intentional planning and action. Define what happiness means to you, set goals that align with your values, and take consistent steps toward them. Consider what changes you can make today to create the future you want. What aspects of your future happiness are most important to you?"
[hey](greet),"Hey there! Hey, I am psykh!","Thank you for reaching out. Hey, I am psykh!"
[hello](greet),"Hey there! Hey, I am psykh!","Thank you for reaching out. Hey, I am psykh!"
[hi](greet),"Hey there! Hey, I am psykh!","Thank you for reaching out. Hey, I am psykh!"
good [morning](greet),"Hey there! Hey, I am psykh!","Thank you for reaching out. Hey, I am psykh!"
good [evening](greet),"Hey there! Hey, I am psykh!","Thank you for reaching out. Hey, I am psykh!"
[hey](greet) there,"Hey there! Hey, I am psykh!","Thank you for reaching out. Hey, I am psykh!"
bye,Take care! BYE bye!!!!!,Thank you for our conversation. BYE bye!!!!!
goodbye,Take care! BYE bye!!!!!,Thank you for our conversation. BYE bye!!!!!
see you around,Take care! BYE bye!!!!!,Thank you for our conversation. BYE bye!!!!!
see you later,Take care! BYE bye!!!!!,Thank you for our conversation. BYE bye!!!!!
Good night!,Take care! BYE bye!!!!!,Thank you for our conversation. BYE bye!!!!!
cheerio,Take care! BYE bye!!!!!,Thank you for our conversation. BYE bye!!!!!
see you,Take care! BYE bye!!!!!,Thank you for our conversation. BYE bye!!!!!
catch you later,Take care! BYE bye!!!!!,Thank you for our conversation. BYE bye!!!!!
i gotta take off,Take care! BYE bye!!!!!,Thank you for our conversation. BYE bye!!!!!
have a good one,Take care! BYE bye!!!!!,Thank you for our conversation. BYE bye!!!!!
keep in touch,Take care! BYE bye!!!!!,Thank you for our conversation. BYE bye!!!!!
Imm off,Take care! BYE bye!!!!!,Thank you for our conversation. BYE bye!!!!!
I won't complete my project in time,There's nothing that a person cannot do....you just need to find ways to complete your project.,There's nothing that a person cannot do....you just need to find ways to complete your project.
I wont complete my project,There's nothing that a person cannot do....you just need to find ways to complete your project.,There's nothing that a person cannot do....you just need to find ways to complete your project.
I dont know how to do my project,There's nothing that a person cannot do....you just need to find ways to complete your project.,There's nothing that a person cannot do....you just need to find ways to complete your project.
My project is really hard,There's nothing that a person cannot do....you just need to find ways to complete your project.,There's nothing that a person cannot do....you just need to find ways to complete your project.
Risk factors,There's nothing that a person cannot do....you just need to find ways to complete your project.,There's nothing that a person cannot do....you just need to find ways to complete your project.
Fear of boss,There's nothing that a person cannot do....you just need to find ways to complete your project.,There's nothing that a person cannot do....you just need to find ways to complete your project.
Fear of deadlines,There's nothing that a person cannot do....you just need to find ways to complete your project.,There's nothing that a person cannot do....you just need to find ways to complete your project.
ear of failure of project,There's nothing that a person cannot do....you just need to find ways to complete your project.,There's nothing that a person cannot do....you just need to find ways to complete your project.
Improper knowledge,There's nothing that a person cannot do....you just need to find ways to complete your project.,There's nothing that a person cannot do....you just need to find ways to complete your project.
Insufficient data,There's nothing that a person cannot do....you just need to find ways to complete your project.,There's nothing that a person cannot do....you just need to find ways to complete your project.
lack of proper planning,There's nothing that a person cannot do....you just need to find ways to complete your project.,There's nothing that a person cannot do....you just need to find ways to complete your project.
Lack of finance,There's nothing that a person cannot do....you just need to find ways to complete your project.,There's nothing that a person cannot do....you just need to find ways to complete your project.
no sponsor for project,There's nothing that a person cannot do....you just need to find ways to complete your project.,There's nothing that a person cannot do....you just need to find ways to complete your project.
less accuracy,There's nothing that a person cannot do....you just need to find ways to complete your project.,There's nothing that a person cannot do....you just need to find ways to complete your project.
Unexpected output,There's nothing that a person cannot do....you just need to find ways to complete your project.,There's nothing that a person cannot do....you just need to find ways to complete your project.
Unpredicted difficulties,There's nothing that a person cannot do....you just need to find ways to complete your project.,There's nothing that a person cannot do....you just need to find ways to complete your project.
Unwanted problems,There's nothing that a person cannot do....you just need to find ways to complete your project.,There's nothing that a person cannot do....you just need to find ways to complete your project.
presentation is not upto mark,There's nothing that a person cannot do....you just need to find ways to complete your project.,There's nothing that a person cannot do....you just need to find ways to complete your project.
Inadequate risk management,There's nothing that a person cannot do....you just need to find ways to complete your project.,There's nothing that a person cannot do....you just need to find ways to complete your project.
Project manager lack experience and training,There's nothing that a person cannot do....you just need to find ways to complete your project.,There's nothing that a person cannot do....you just need to find ways to complete your project.
No use of formal methods and strategies,There's nothing that a person cannot do....you just need to find ways to complete your project.,There's nothing that a person cannot do....you just need to find ways to complete your project.
Lack of effective communication,There's nothing that a person cannot do....you just need to find ways to complete your project.,There's nothing that a person cannot do....you just need to find ways to complete your project.
Poor management of expectations,There's nothing that a person cannot do....you just need to find ways to complete your project.,There's nothing that a person cannot do....you just need to find ways to complete your project.
Lack of detailed documentation,There's nothing that a person cannot do....you just need to find ways to complete your project.,There's nothing that a person cannot do....you just need to find ways to complete your project.
Failure to track requirements,There's nothing that a person cannot do....you just need to find ways to complete your project.,There's nothing that a person cannot do....you just need to find ways to complete your project.
Failure to track progress,There's nothing that a person cannot do....you just need to find ways to complete your project.,There's nothing that a person cannot do....you just need to find ways to complete your project.
Lack of detail in the project plans,There's nothing that a person cannot do....you just need to find ways to complete your project.,There's nothing that a person cannot do....you just need to find ways to complete your project.
Inaccurate time and effort estimates,There's nothing that a person cannot do....you just need to find ways to complete your project.,There's nothing that a person cannot do....you just need to find ways to complete your project.
Last moment client changes,There's nothing that a person cannot do....you just need to find ways to complete your project.,There's nothing that a person cannot do....you just need to find ways to complete your project.
Unsatisfied client,There's nothing that a person cannot do....you just need to find ways to complete your project.,There's nothing that a person cannot do....you just need to find ways to complete your project.
pressure from boss,There's nothing that a person cannot do....you just need to find ways to complete your project.,There's nothing that a person cannot do....you just need to find ways to complete your project.
Pressure to meet the requirements within time,There's nothing that a person cannot do....you just need to find ways to complete your project.,There's nothing that a person cannot do....you just need to find ways to complete your project.
Project data incorrect,There's nothing that a person cannot do....you just need to find ways to complete your project.,There's nothing that a person cannot do....you just need to find ways to complete your project.
Indecisive problems,There's nothing that a person cannot do....you just need to find ways to complete your project.,There's nothing that a person cannot do....you just need to find ways to complete your project.
Cannot make a firm decision,There's nothing that a person cannot do....you just need to find ways to complete your project.,There's nothing that a person cannot do....you just need to find ways to complete your project.
Did not considered this kind of risk,There's nothing that a person cannot do....you just need to find ways to complete your project.,There's nothing that a person cannot do....you just need to find ways to complete your project.
limited finance,There's nothing that a person cannot do....you just need to find ways to complete your project.,There's nothing that a person cannot do....you just need to find ways to complete your project.
Lack of proper instruments,There's nothing that a person cannot do....you just need to find ways to complete your project.,There's nothing that a person cannot do....you just need to find ways to complete your project.
Lack of technology,There's nothing that a person cannot do....you just need to find ways to complete your project.,There's nothing that a person cannot do....you just need to find ways to complete your project.
Insolvable errors,There's nothing that a person cannot do....you just need to find ways to complete your project.,There's nothing that a person cannot do....you just need to find ways to complete your project.
Improper build,There's nothing that a person cannot do....you just need to find ways to complete your project.,There's nothing that a person cannot do....you just need to find ways to complete your project.
Reduced quality of project,There's nothing that a person cannot do....you just need to find ways to complete your project.,There's nothing that a person cannot do....you just need to find ways to complete your project.
Quality factor,There's nothing that a person cannot do....you just need to find ways to complete your project.,There's nothing that a person cannot do....you just need to find ways to complete your project.
Approval for the decisions made,There's nothing that a person cannot do....you just need to find ways to complete your project.,There's nothing that a person cannot do....you just need to find ways to complete your project.
Extra funding,There's nothing that a person cannot do....you just need to find ways to complete your project.,There's nothing that a person cannot do....you just need to find ways to complete your project.
Require more data,There's nothing that a person cannot do....you just need to find ways to complete your project.,There's nothing that a person cannot do....you just need to find ways to complete your project.
Improper research,There's nothing that a person cannot do....you just need to find ways to complete your project.,There's nothing that a person cannot do....you just need to find ways to complete your project.
Inexperienced team members,There's nothing that a person cannot do....you just need to find ways to complete your project.,There's nothing that a person cannot do....you just need to find ways to complete your project.
"New team members, team manager",There's nothing that a person cannot do....you just need to find ways to complete your project.,There's nothing that a person cannot do....you just need to find ways to complete your project.
head aching,"If youve been awake for more than 20 minutes, get out of bed and do a quiet, non-stimulating activity, such as reading a book. Keep the lights dim and avoid screens so as not to cue your body that its time to wake up.","If youve been awake for more than 20 minutes, get out of bed and do a quiet, non-stimulating activity, such as reading a book. Keep the lights dim and avoid screens so as not to cue your body that its time to wake up."
head was paining,"If youve been awake for more than 20 minutes, get out of bed and do a quiet, non-stimulating activity, such as reading a book. Keep the lights dim and avoid screens so as not to cue your body that its time to wake up.","If youve been awake for more than 20 minutes, get out of bed and do a quiet, non-stimulating activity, such as reading a book. Keep the lights dim and avoid screens so as not to cue your body that its time to wake up."
migraine problems,"If youve been awake for more than 20 minutes, get out of bed and do a quiet, non-stimulating activity, such as reading a book. Keep the lights dim and avoid screens so as not to cue your body that its time to wake up.","If youve been awake for more than 20 minutes, get out of bed and do a quiet, non-stimulating activity, such as reading a book. Keep the lights dim and avoid screens so as not to cue your body that its time to wake up."
I'm constantly worried about everything,Constant worry can be exhausting and draining. It sounds like your mind is working overtime. What are the main things you find yourself worrying about most?,Persistent worry can significantly impact your quality of life. Cognitive behavioral therapy techniques can be very helpful. Have you considered keeping a worry journal to identify patterns?
I feel like I'm going crazy,"You're not going crazy at all. These feelings can be really scary, but they're more common than you might think. What's making you feel this way right now?",These feelings can be very distressing but are often a normal response to stress or mental health challenges. It's important to seek professional support. What specific thoughts or experiences are contributing to this feeling?
I can't stop overthinking,Overthinking can be so exhausting and make everything feel more complicated than it needs to be. I totally understand how draining that can be. What's on your mind that you can't stop thinking about?,Overthinking can be a sign of anxiety and can interfere with daily functioning. Mindfulness techniques and cognitive restructuring can help. What strategies have you tried to manage these thoughts?
I'm scared of social situations,Social anxiety can be really tough and make you want to avoid people altogether. You're not alone in feeling this way. What specific social situations make you most uncomfortable?,Social anxiety is a common condition that can be effectively treated. Gradual exposure and social skills training can help. Have you considered joining a support group for people with similar experiences?
I don't see the point in anything anymore,"I'm really sorry you're feeling this way. When depression hits, it can make everything feel pointless and hopeless. You matter, and your feelings are valid. What's been weighing on you lately?","These feelings can be a sign of depression and should be taken seriously. It's important to reach out for professional help. Have you noticed changes in your sleep, appetite, or interest in activities you used to enjoy?"
I feel empty inside,That empty feeling can be so isolating and painful. You're not alone in experiencing this. Sometimes depression can make us feel numb or disconnected. What's been going on in your life recently?,Feeling empty or numb can be symptoms of depression. It's important to address these feelings with a mental health professional. What activities or relationships used to bring you joy?
I can't get out of bed,Depression can make even the simplest tasks feel impossible. It's okay to have days like this. You're not lazy - you're dealing with something very real. What's making it hard to get up today?,Difficulty getting out of bed can be a sign of depression. It's important to establish a routine and seek professional help. Have you noticed changes in your energy levels or motivation?
I feel like a failure,"You're not a failure at all. Depression can make us see ourselves in ways that aren't true. You're dealing with something really difficult, and that takes strength. What's making you feel this way about yourself?",These feelings can be symptoms of depression and low self-esteem. It's important to challenge these negative thoughts with a therapist. What accomplishments or strengths are you overlooking right now?
I don't want to be here anymore,"I'm really concerned about what you're saying. These thoughts are serious and you deserve help and support. You matter, and there are people who care about you. Please reach out to a crisis helpline or mental health professional immediately.","These thoughts require immediate professional attention. Please contact a mental health professional, crisis helpline, or go to your nearest emergency room. Your life has value and there are people who want to help you through this."
I hate how I look,I'm sorry you're feeling this way about yourself. Body image issues can be really tough and affect how we see ourselves. You're more than your appearance. What's making you feel this way about your looks?,Body image concerns can significantly impact self-esteem and mental health. It's important to focus on your strengths and consider professional help. What aspects of your appearance are causing you the most distress?
I'm not good enough for anyone,"That's not true at all. You are worthy of love and belonging, just as you are. These feelings can be really painful, but they don't reflect your true value. What's making you feel this way about yourself?",These feelings can be symptoms of low self-esteem and depression. It's important to work with a therapist to challenge these negative beliefs. What positive qualities do you have that you might be overlooking?
I always mess things up,Everyone makes mistakes - that's part of being human. It sounds like you're being really hard on yourself. What specific situation is making you feel this way?,Perfectionism and fear of failure can be very limiting. It's important to practice self-compassion and learn from mistakes. What would you say to a friend in your situation?
I'm not smart enough,"Intelligence comes in many forms, and you have unique strengths and abilities. It sounds like you're comparing yourself to others or feeling inadequate. What's making you doubt your intelligence?",These feelings can be related to imposter syndrome or low self-esteem. It's important to recognize your achievements and work with a therapist to build confidence. What are some things you're good at or enjoy doing?
I don't deserve happiness,"You absolutely deserve happiness, just like everyone else. These feelings can be really painful, but they're not true. You're worthy of joy and fulfillment. What's making you feel this way?",These thoughts can be symptoms of depression or trauma. It's important to work with a mental health professional to address these beliefs. What would you tell a loved one who said this about themselves?
I'm afraid of being abandoned,Fear of abandonment can be really scary and affect how we connect with others. These feelings often come from past experiences. What's making you worry about being left alone?,Fear of abandonment can be related to attachment issues or past trauma. It's important to work with a therapist to understand and address these fears. How do these fears affect your relationships?
I can't trust anyone,Trust issues can make relationships really difficult and isolating. It sounds like you've been hurt before. What experiences have made it hard for you to trust others?,Trust issues can stem from past betrayals or trauma. Building trust takes time and professional support can help. What would need to happen for you to feel safe trusting someone?
I'm scared of intimacy,Intimacy can be scary when you've been hurt before or struggle with vulnerability. These feelings are understandable. What aspects of intimacy make you most uncomfortable?,Fear of intimacy can be related to past trauma or attachment issues. Working with a therapist can help you understand and work through these fears. What would intimacy look like if you felt safe?
I feel like I'm too much for people,You're not too much - you're just being yourself. It sounds like you're worried about overwhelming others. What's making you feel this way about yourself?,These feelings can be related to rejection sensitivity or past experiences. It's important to remember that the right people will appreciate you for who you are. What qualities do you have that others might actually value?
I'm grieving and don't know how to cope,"Grief is one of the hardest things we go through, and there's no right or wrong way to feel. You're not alone in this. What kind of loss are you dealing with?",Grief is a natural response to loss and everyone experiences it differently. It's important to be patient with yourself and seek support. What has been most helpful for you so far in your grieving process?
I feel guilty about moving on,"Guilt is a common part of grief, but moving forward doesn't mean you're forgetting or dishonoring your loved one. These feelings are normal. What's making you feel guilty about moving on?",Guilt in grief is very common and can be addressed with professional support. Moving forward is a way of honoring your loved one's memory. What would your loved one want for you?
I can't stop crying,Crying is a natural and healthy way to process grief and emotions. There's nothing wrong with expressing your feelings this way. What's been making you cry most recently?,"Crying is a normal part of the grieving process and emotional expression. If you're concerned about the frequency or intensity, it might help to speak with a grief counselor. What emotions are you experiencing when you cry?"
I feel angry at the person who died,"Anger is a completely normal part of grief, even when it feels wrong or confusing. These feelings are valid and understandable. What's making you feel angry?",Anger is a common stage of grief and doesn't mean you didn't love the person. It's important to process these feelings with a grief counselor. What would you like to say to your loved one?
I don't know who I am without them,"When we lose someone important, it can feel like we've lost part of ourselves too. This is a normal part of grief. What aspects of your identity feel most uncertain right now?",Identity changes after loss are common and can be addressed through grief counseling. It's important to rediscover yourself while honoring your loved one's memory. What parts of yourself do you want to explore?
I keep having flashbacks,Flashbacks can be really scary and overwhelming. You're not alone in experiencing this. What triggers usually bring them on? It's important to have coping strategies ready.,Flashbacks are a common symptom of PTSD and can be very distressing. It's important to work with a trauma-informed therapist. What grounding techniques have you found helpful?
I feel like I'm reliving the trauma,"That must be so difficult and scary. Trauma can make us feel like we're stuck in the past. You're safe now, even if it doesn't feel that way. What's making you feel like you're reliving it?",These feelings are common in PTSD and can be addressed with trauma therapy. It's important to work with a qualified therapist who specializes in trauma. What helps you feel grounded in the present moment?
I can't sleep because of nightmares,Nightmares can make sleep feel impossible and leave you exhausted. You're not alone in dealing with this. What kind of dreams are you having?,Nightmares are a common symptom of PTSD and can be treated with therapy. It's important to establish a calming bedtime routine. What relaxation techniques have you tried before bed?
I feel numb and disconnected,Feeling numb can be your mind's way of protecting you from overwhelming emotions. It's a common response to trauma. What's been going on that might be causing this?,Emotional numbness can be a symptom of PTSD and dissociation. It's important to work with a trauma therapist to process these feelings safely. What activities used to help you feel more connected?
I'm scared all the time,Living in constant fear can be exhausting and overwhelming. You deserve to feel safe and secure. What's making you feel scared most of the time?,Hypervigilance is a common symptom of PTSD and can be addressed with therapy. It's important to work on feeling safe in your body and environment. What would help you feel more secure?
I think I have a drinking problem,It takes a lot of courage to recognize that there might be an issue. You're not alone in this struggle. What's making you think you might have a problem with drinking?,Recognizing a potential substance use issue is an important first step. It's important to seek professional help and consider support groups. What signs have you noticed that concern you?
I can't stop using drugs,"Addiction is a disease, not a moral failing. You're not weak or bad - you're dealing with something very difficult. What kind of support are you looking for right now?",Substance use disorders require professional treatment and support. It's important to reach out to addiction specialists and support groups. What barriers are preventing you from seeking help?
I'm scared to get help,It's completely normal to be scared about getting help. Taking that first step is really brave. What's making you most afraid about seeking support?,Fear about seeking help is very common and understandable. Professional treatment is confidential and designed to help you succeed. What would need to happen for you to feel safe getting help?
I feel like I'm letting everyone down,"Addiction affects everyone around you, but it's not your fault. You're dealing with a disease, and recovery is possible. What's making you feel like you're disappointing others?","Addiction is a family disease, but recovery is possible for everyone involved. It's important to focus on your own healing first. What support do you need from your loved ones right now?"
I don't know how to live without it,"The thought of life without your substance can feel impossible, but many people have found a way forward. You're stronger than you know. What would a life in recovery look like to you?",Recovery is a process that takes time and support. It's important to work with professionals who understand addiction. What small steps could you take toward getting help?
I'm obsessed with my weight,Weight obsession can take over your life and make everything else feel less important. You're not alone in struggling with this. What's driving your focus on weight right now?,Weight obsession can be a sign of an eating disorder and should be addressed with professional help. It's important to work with specialists who understand these issues. How is this affecting your daily life?
I can't stop thinking about food,Food thoughts can be all-consuming and exhausting. You're not alone in dealing with this. What's making food such a focus in your life right now?,Obsessive thoughts about food can be symptoms of an eating disorder. It's important to seek help from eating disorder specialists. How are these thoughts affecting your relationships and daily activities?
I feel guilty when I eat,Food guilt can be really painful and isolating. You deserve to eat without shame or guilt. What's making you feel guilty about eating?,Food guilt is common in eating disorders and can be addressed with professional help. It's important to work on developing a healthy relationship with food. What would eating without guilt look like for you?
I'm scared of gaining weight,Weight fear can be overwhelming and affect every aspect of your life. You're not alone in feeling this way. What's making you most afraid about weight gain?,Fear of weight gain can be a symptom of an eating disorder. It's important to work with professionals who understand these fears. What would life look like if you weren't afraid of your weight?
I don't feel like I deserve to eat,"You absolutely deserve to eat and nourish your body. These thoughts can be really painful, but they're not true. What's making you feel like you don't deserve food?",These thoughts are common in eating disorders and can be addressed with professional help. Your body needs nourishment to function properly. What would you tell a friend who said this about themselves?
I'm feeling anxious about my presentation,I totally get that nervous feeling before presentations! It's completely normal to feel this way. What specifically is making you most worried about it?,Presentation anxiety is very common and understandable. It might help to practice your presentation and prepare for potential questions. What aspects of the presentation are causing you the most concern?
I can't sleep because I'm worried,Worry keeping you up at night is the worst! I've been there too. What's on your mind that's making it hard to sleep?,Sleep disturbances due to worry can significantly impact your health. Try relaxation techniques like deep breathing or meditation before bed. What specific concerns are keeping you awake?
I feel overwhelmed by work,Work stress can be absolutely crushing sometimes. It sounds like you're really feeling the pressure. What specific aspects of work are making you feel this way?,Work-related stress can affect both your mental and physical health. It might be helpful to identify specific stressors and develop coping strategies. Have you considered discussing workload concerns with your supervisor?
I'm having problems with my partner,Relationship issues can be really tough to navigate. It sounds like you're going through a difficult time. What has been happening in your relationship?,Relationship challenges can be emotionally taxing and complex. Open communication and understanding each other's perspectives are key. Have you and your partner considered couples counseling to help work through these issues?
My family doesn't understand me,Family conflicts can be really frustrating and hurtful. It's okay to feel this way when family relationships are difficult. What has been happening that's making you feel misunderstood?,Family dynamics can be complex and emotionally challenging. It's important to express your feelings in healthy ways. Have you considered family therapy or individual counseling to help navigate these relationships?
I'm scared to talk to people,Social anxiety can be really tough and make you want to avoid people altogether. You're not alone in feeling this way. What specific social situations make you most uncomfortable?,Social anxiety is a common condition that can be effectively treated. Gradual exposure and social skills training can help. Have you considered joining a support group for people with similar experiences?
I don't want to do anything,"When depression hits, even the simplest tasks can feel impossible. It's okay to have days like this. You're not lazy - you're dealing with something very real. What's making it hard to find motivation today?",Loss of interest in activities can be a sign of depression. It's important to establish a routine and seek professional help. Have you noticed changes in your energy levels or motivation?
I can't stop worrying,Constant worry can be exhausting and draining. It sounds like your mind is working overtime. What are the main things you find yourself worrying about most?,Persistent worry can significantly impact your quality of life. Cognitive behavioral therapy techniques can be very helpful. Have you considered keeping a worry journal to identify patterns?
I hate myself,"I'm really sorry you're feeling this way about yourself. These thoughts can be incredibly painful, but they're not true. You matter, and your feelings are valid. What's making you feel this way about yourself?",These thoughts can be symptoms of depression or low self-esteem. It's important to work with a mental health professional to address these beliefs. What would you tell a loved one who said this about themselves?
I feel so alone,Feeling alone can be really isolating and painful. You're not alone in experiencing this. What's been going on in your life that's making you feel disconnected?,Loneliness can have significant impacts on mental health. Building social connections takes time and effort. Have you considered joining groups or activities that align with your interests?
I'm stressed about everything,Feeling stressed about everything can be so overwhelming. It sounds like you're carrying a lot right now. What's making you feel most stressed at the moment?,Chronic stress can affect both your mental and physical health. It's important to identify stressors and develop healthy coping strategies. What relaxation techniques have you tried?
I'm grieving and it's so hard,"Grief is one of the hardest things we go through, and there's no right or wrong way to feel. You're not alone in this. What kind of loss are you dealing with?",Grief is a natural response to loss and everyone experiences it differently. It's important to be patient with yourself and seek support. What has been most helpful for you so far in your grieving process?
I think I have a problem with alcohol,It takes a lot of courage to recognize that there might be an issue. You're not alone in this struggle. What's making you think you might have a problem with drinking?,Recognizing a potential substance use issue is an important first step. It's important to seek professional help and consider support groups. What signs have you noticed that concern you?
I want to hurt myself,"I'm really concerned about what you're saying. These thoughts are serious and you deserve help and support. You matter, and there are people who care about you. Please reach out to a crisis helpline or mental health professional immediately.","These thoughts require immediate professional attention. Please contact a mental health professional, crisis helpline, or go to your nearest emergency room. Your life has value and there are people who want to help you through this."
I'm feeling good today,That's wonderful to hear! It's great when we have those good days. What's been making you feel good today?,It's wonderful that you're feeling positive today! Maintaining good mental health involves recognizing and appreciating these positive moments. What strategies have been helping you feel this way?
I accomplished something today,"That's fantastic! It feels so good to accomplish things, doesn't it? What did you manage to get done today?",Celebrating accomplishments is important for maintaining motivation and self-esteem. What did you achieve today and how did it make you feel?
